image,name,brand
products/IMG-20260409-WA0000.jpg,Very Good Girl,Carolina Herrera
products/IMG-20260409-WA0001.jpg,Phantom,Paco Rabanne
products/IMG-20260409-WA0098.jpg,Angel Elixir,Mugler
products/IMG-20260409-WA0099.jpg,Lady Million,Paco Rabanne
products/IMG-20260409-WA0100.jpg,Louis xv de venoge,Xerjoff
products/IMG-20260409-WA0101.jpg,Sì Passione,Giorgio Armani
products/IMG-20260409-WA0102.jpg,Alien Goddess,Mugler
products/IMG-20260409-WA0103.jpg,Sauvage Eau Forte,Dior
products/IMG-20260409-WA0104.jpg,P.33 Blank Page Edition,Xerjoff
products/IMG-20260409-WA0105.jpg,Alien Extraintense,Mugler
products/IMG-20260409-WA0106.jpg,Poeme,Lancôme
products/IMG-20260409-WA0107.jpg,Code,Armani
products/IMG-20260409-WA0108.jpg,Stronger With You Parfum,Emporio Armani
products/IMG-20260409-WA0109.jpg,Oud Minerale,Tom Ford
products/IMG-20260409-WA0110.jpg,La vie est belle,Lancôme
products/IMG-20260409-WA0111.jpg,Bloom,Gucci
products/IMG-20260409-WA0112.jpg,Acqua di Giò Profumo,Giorgio Armani
products/IMG-20260409-WA0113.jpg,Explorer,Montblanc
products/IMG-20260409-WA0114.jpg,Euphoria,Calvin Klein
products/IMG-20260409-WA0115.jpg,Libre Vanille Couture,Yves Saint Laurent
products/IMG-20260409-WA0116.jpg,Soleil Blanc,Tom Ford
products/IMG-20260409-WA0117.jpg,Lost Cherry,Tom Ford
products/IMG-20260409-WA0118.jpg,Delina,Parfums de Marly
products/IMG-20260409-WA0119.jpg,Eros Najim,Versace
products/IMG-20260409-WA0120.jpg,Platinum Egoiste,Chanel
products/IMG-20260409-WA0121.jpg,Libre,Yves Saint Laurent
products/IMG-20260409-WA0122.jpg,Bleu,Chanel
products/IMG-20260409-WA0123.jpg,Sí Passione Intense,GIORGIO ARMANI
products/IMG-20260409-WA0124.jpg,Guilty,Gucci
products/IMG-20260409-WA0125.jpg,Invictus Victory,Rabanne
products/IMG-20260409-WA0126.jpg,The Scent Parfum,BOSS
products/IMG-20260409-WA0127.jpg,Erba Gold,Xerjoff
products/IMG-20260409-WA0128.jpg,Blooming Bouquet,Dior
products/IMG-20260409-WA0129.jpg,Blue Talisman,Ex Nihilo
products/IMG-20260409-WA0130.jpg,Aqua Vitae forte,Maison Francis Kurkdjian Paris
products/IMG-20260409-WA0131.jpg,Café Rose,Tom Ford
products/IMG-20260409-WA0132.jpg,Bianco Latte,Ducci Giardini di Toscana
products/IMG-20260409-WA0133.jpg,Eros Flame,Versace
products/IMG-20260409-WA0134.jpg,Uomo,VALENTINO
products/IMG-20260409-WA0135.jpg,Amyris femme,Maison Francis Kurkdjian
products/IMG-20260409-WA0136.jpg,Bleu,Chanel
products/IMG-20260409-WA0137.jpg,Libre,Yves Saint Laurent
products/IMG-20260409-WA0138.jpg,Imagination,Louis Vuitton
products/IMG-20260409-WA0139.jpg,Vanille Fatale,Tom Ford
products/IMG-20260409-WA0140.jpg,Kurky,Maison Francis Kurkdjian
products/IMG-20260409-WA0141.jpg,Sauvage,Dior, eau de parfum
products/IMG-20260409-WA0142.jpg,Sauvage,Dior, parfum
products/IMG-20260409-WA0143.jpg,MYSLF,Yves Saint Laurent
products/IMG-20260409-WA0144.jpg,Hypnotic Poison,Dior
products/IMG-20260409-WA0145.jpg,Le Male eau de toilette,Jean Paul Gaultier
products/IMG-20260409-WA0146.jpg,PURE KS for Her eau de parfum,Paco Rabanne
products/IMG-20260409-WA0147.jpg,Velvet Orchid,Tom Ford
products/IMG-20260409-WA0148.jpg,Pur Oud,Louis Vuitton
products/IMG-20260409-WA0149.jpg,La Bomba,Carolina Herrera
products/IMG-20260409-WA0150.jpg,Le Parfum,Yves Saint Laurent
products/IMG-20260409-WA0151.jpg,Tobacco Vanille,Tom Ford
products/IMG-20260409-WA0152.jpg,Utopia Vanilla Coco 21,Kayali
products/IMG-20260409-WA0153.jpg,Angels' Share,Kilian
products/IMG-20260409-WA0154.jpg,Scandal,Jean Paul Gaultier
products/IMG-20260409-WA0155.jpg,Meteore,Louis Vuitton
products/IMG-20260409-WA0156.jpg,L'Imitation,Louis Vuitton
products/IMG-20260409-WA0157.jpg,Paradigme,Prada
products/IMG-20260409-WA0158.jpg,Bottled Intense,BOSS Hugo Boss
products/IMG-20260409-WA0159.jpg,Les Sables Roses,Louis Vuitton
products/IMG-20260409-WA0160.jpg,Chance Eau Splendide,Chanel
products/IMG-20260409-WA0161.jpg,Paradoxe Radical Essence,Prada
products/IMG-20260409-WA0162.jpg,Si parfum,GIORGIO ARMANI
products/IMG-20260409-WA0163.jpg,Accento eau de parfum,Xerjoff
products/IMG-20260409-WA0164.jpg,Dylan Purple,Versace
products/IMG-20260409-WA0165.jpg,Bad Boy Cobalt,Carolina Herrera
products/IMG-20260409-WA0166.jpg,Dylan Blue Pour Femme,Versace
products/IMG-20260409-WA0167.jpg,Dans La Peau,Louis Vuitton
products/IMG-20260409-WA0168.jpg,Chance Eau Fraîche,Chanel
products/IMG-20260409-WA0169.jpg,212 VIP,Carolina Herrera
products/IMG-20260409-WA0170.jpg,Good Girl,Carolina Herrera
products/IMG-20260409-WA0171.jpg,Coco Mademoiselle,Chanel
products/IMG-20260409-WA0172.jpg,Good Girl Blush,Carolina Herrera
products/IMG-20260409-WA0173.jpg,Donna Born in Roma,Valentino
products/IMG-20260409-WA0174.jpg,Crystal Emerald,Versace
products/IMG-20260409-WA0175.jpg,Paradoxe Intense,Prada
products/IMG-20260409-WA0176.jpg,Very Good girl glam parfum natural spray,Carolina Herrera
products/IMG-20260409-WA0177.jpg,Vanilla 28,KAYALI
products/IMG-20260409-WA0178.jpg,Acqua di Gio Elixir,Giorgio Armani
products/IMG-20260409-WA0179.jpg,Bad Boy Elixir,Carolina Herrera
products/IMG-20260409-WA0180.jpg,Sauvage Elixir,Dior
products/IMG-20260409-WA0181.jpg,Eros Energy,Versace
products/IMG-20260409-WA0182.jpg,Le male essence de parfum,Jean Paul Gaultier
products/IMG-20260409-WA0183.jpg,Le Male Le Parfum,Jean Paul Gaultier
products/IMG-20260409-WA0184.jpg,Groove Xcape Unisex parfum,Xerjoff
products/IMG-20260409-WA0185.jpg,Patchouli Ardent,Guerlain
products/IMG-20260409-WA0186.jpg,Uomo,Valentino
products/IMG-20260409-WA0187.jpg,Bad Boy,Carolina Herrera
products/IMG-20260409-WA0188.jpg,La Nuit Trésor,Lancôme
products/IMG-20260409-WA0189.jpg,Tony Iommi Monkey Special parfum,XERJOFF
products/IMG-20260409-WA0190.jpg,La Nuit Trésor,Lancôme
products/IMG-20260409-WA0191.jpg,Oud Essentiel,Guerlain
products/IMG-20260409-WA0192.jpg,La vie est belle,Lancôme
products/IMG-20260409-WA0193.jpg,Uomo,Valentino
products/IMG-20260409-WA0194.jpg,Déjà Vu White Flower 57,Kay Ali
products/IMG-20260409-WA0195.jpg,Lovefest Burning Cherry,Kayali
products/IMG-20260409-WA0196.jpg,Vanilla Candy Rock Sugar 42 eau de parfum różowy w białym opakowaniu,KAYALI
products/IMG-20260409-WA0197.jpg,VANILLA 128,KAY ALI
products/IMG-20260409-WA0198.jpg,Eden sparkling lychee eau de parfum,KAYALI
products/IMG-20260409-WA0199.jpg,WOOD,DSQUARED2
products/IMG-20260409-WA0200.jpg,Reasons,Amouage
products/IMG-20260409-WA0201.jpg,Roses On Ice,Kilian
products/IMG-20260409-WA0202.jpg,Pistachio Gelato,KAYALI
products/IMG-20260409-WA0203.jpg,I Want Choo Le Parfum,Jimmy Choo
products/IMG-20260409-WA0204.jpg,Flora,Gucci
products/IMG-20260409-WA0205.jpg,This Is Him!,Zadig & Voltaire
products/IMG-20260409-WA0206.jpg,Secret Angel,Victoria's Secret
products/IMG-20260409-WA0207.jpg,The Most Wanted,Azzaro
products/IMG-20260409-WA0208.jpg,Chloé,Chloé
products/IMG-20260409-WA0209.jpg,Outlands,Amouage
products/IMG-20260409-WA0210.jpg,My Burberry,Burberry
products/IMG-20260409-WA0211.jpg,Angel,Mugler
products/IMG-20260409-WA0212.jpg,FAME,rabanne
products/IMG-20260409-WA0213.jpg,all of me,narciso rodriguez
products/IMG-20260409-WA0214.jpg,for her,narciso rodriguez
products/IMG-20260409-WA0215.jpg,AMBER | 23,KAY ALI
products/IMG-20260409-WA0216.jpg,Stronger With You Amber,Emporio Armani
products/IMG-20260409-WA0217.jpg,No.1,Clive Christian
products/IMG-20260409-WA0218.jpg,Black Afgano,Nasomatto
products/IMG-20260409-WA0219.jpg,Mukhallat,Montale
products/IMG-20260409-WA0220.jpg,My Burberry Black,Burberry
products/IMG-20260409-WA0221.jpg,Homme,Dior
products/IMG-20260409-WA0222.jpg,K eau de toilette,DOLCE & GABBANA
products/IMG-20260409-WA0223.jpg,Q,Dolce & Gabbana
products/IMG-20260409-WA0224.jpg,Overdose,Kirke
products/IMG-20260409-WA0225.jpg,Empire,Paco Rabanne
products/IMG-20260409-WA0226.jpg,Phantom,Rabanne
products/IMG-20260409-WA0227.jpg,Pure Musc for her,Narciso Rodriguez
products/IMG-20260409-WA0228.jpg,L'Interdit intense (black bottle),Givenchy
products/IMG-20260409-WA0229.jpg,L'Interdit (white bottle),Givenchy
products/IMG-20260409-WA0230.jpg,Baccarat Rouge 540,Maison Francis Kurkdjian
products/IMG-20260409-WA0231.jpg,Gentleman Society Extreme,Givenchy
products/IMG-20260409-WA0232.jpg,Chloé,Chloé
products/IMG-20260409-WA0233.jpg,Gourmond,Marc-Antoine Barrois
products/IMG-20260409-WA0234.jpg,Flora Gorgeous Orchid,Gucci
products/IMG-20260409-WA0235.jpg,Hirké,Tiziana Terenzi
products/IMG-20260409-WA0236.jpg,Bamboo,Gucci
products/IMG-20260409-WA0237.jpg,K,Dolce & Gabbana
products/IMG-20260409-WA0238.jpg,Alien,Mugler
products/IMG-20260409-WA0239.jpg,Aventus,Creed
products/IMG-20260409-WA0240.jpg,Molecule 02,Escentric Molecules
products/IMG-20260409-WA0241.jpg,Cherry Oud,Guerlain
products/IMG-20260409-WA0242.jpg,Wanted,Azzaro
products/IMG-20260409-WA0243.jpg,Silver Mountain Water,Creed
products/IMG-20260409-WA0244.jpg,Splendida Jasmin Noir,Bvlgari
products/IMG-20260409-WA0245.jpg,Man In Black,Bvlgari
products/IMG-20260409-WA0246.jpg,Pearl Oud,Kilian
products/IMG-20260409-WA0247.jpg,Indomable parfum,Morph
products/IMG-20260409-WA0248.jpg,Poppy Kenzo,Kenzo
products/IMG-20260409-WA0249.jpg,Pour homme eau de parfum,MICHAEL KORS
products/IMG-20260409-WA0250.jpg,Olympea,Rabanne
products/IMG-20260409-WA0251.jpg,Devotion,Dolce & Gabbana
products/IMG-20260409-WA0252.jpg,Nomade Nuit d'Egypte,Chloé
products/IMG-20260409-WA0253.jpg,AOUD JASMINE,MONTALE
products/IMG-20260409-WA0254.jpg,Fleur Narcotique eau de parfum,Ex Nihilio
products/IMG-20260409-WA0255.jpg,Phantom,Paco Rabanne
products/IMG-20260409-WA0256.jpg,Mango Manga,Montale
products/IMG-20260409-WA0257.jpg,Roses Vanille,Mancera
products/IMG-20260409-WA0258.jpg,Good Girl,Carolina Herrera
products/IMG-20260409-WA0259.jpg,Mon,Guerlain
products/IMG-20260409-WA0260.jpg,212 VIP Black,Carolina Herrera
products/IMG-20260409-WA0261.jpg,Vert Malachite eau de parfum,Giorgio Armani
products/IMG-20260409-WA0262.jpg,Bad Boy Extreme,Carolina Herrera
products/IMG-20260409-WA0263.jpg,Rouge Malachitte,Armani
products/IMG-20260409-WA0264.jpg,Bad Boy Le Parfum,Carolina Herrera
products/IMG-20260409-WA0265.jpg,Oud Royal,ARMANI/PRIVE
products/IMG-20260409-WA0266.jpg,Le Male Elixir,Jean Paul Gaultier
products/IMG-20260409-WA0267.jpg,Le Beau Paradise Garden,Jean Paul Gaultier
products/IMG-20260409-WA0268.jpg,Divine,Jean Paul Gaultier
products/IMG-20260409-WA0269.jpg,Le Beau,Jean Paul Gaultier
products/IMG-20260409-WA0270.jpg,KAJAL,WARDÉ
products/IMG-20260409-WA0271.jpg,for her,narciso rodriguez
products/IMG-20260409-WA0272.jpg,La Belle,Jean Paul Gaultier
products/IMG-20260409-WA0273.jpg,Annone,Pantheon Roma
products/IMG-20260409-WA0274.jpg,Intense,Dior Homme
products/IMG-20260409-WA0275.jpg,Joy eau de parfum intense,Dior
products/IMG-20260409-WA0276.jpg,Eden Juicy Apple,Kayali
products/IMG-20260409-WA0277.jpg,Lovefest Burning Cherry 48,Kayali
products/IMG-20260409-WA0278.jpg,Fahrenheit eau de toilette vaporisatuer spray,Dior
products/IMG-20260409-WA0279.jpg,ELIXIR II,KAY ALI
products/IMG-20260409-WA0280.jpg,Vanilla Candy Rock Sugar 42 eau de parfum białe opakowanie zółty kolor we flakoniku,KAY ALI
products/IMG-20260409-WA0281.jpg,Ombre Nomade,Louis Vuitton
products/IMG-20260409-WA0282.jpg,Black Opium,Yves Saint Laurent
products/IMG-20260409-WA0283.jpg,Libre Absolu Platine,Yves Saint Laurent
products/IMG-20260409-WA0284.jpg,Supreme Bouquet,Yves Saint Laurent
products/IMG-20260409-WA0285.jpg,Black Opium,Yves Saint Laurent
products/IMG-20260409-WA0286.jpg,Libre,Yves Saint Laurent
products/IMG-20260409-WA0287.jpg,Black Opium,Yves Saint Laurent
products/IMG-20260409-WA0288.jpg,Mon Paris,Yves Saint Laurent
products/IMG-20260409-WA0289.jpg,La vie est belle,Lancôme
products/IMG-20260409-WA0290.jpg,Poeme,Lancome
products/IMG-20260409-WA0291.jpg,La vie est belle,Lancôme
products/IMG-20260409-WA0292.jpg,Mandarino di Amalfi,Tom Ford
products/IMG-20260409-WA0293.jpg,Black Orchid,Tom Ford
products/IMG-20260409-WA0294.jpg,Acqua di Gio Profondo,Giorgio Armani
products/IMG-20260409-WA0295.jpg,Stronger With You Absolutely,Emporio Armani
products/IMG-20260409-WA0296.jpg,Scandal Le Parfum,Jean Paul Gaultier
products/IMG-20260409-WA0297.jpg,Stronger With You Intensely,Emporio Armani
products/IMG-20260409-WA0298.jpg,Eros,Versace
products/IMG-20260409-WA0299.jpg,THE SKULL the black bottle,PHILIPP PLEIN
products/IMG-20260409-WA0300.jpg,THE SKULL gold edition,PHILIPP PLEIN
products/IMG-20260409-WA0301.jpg,Invictus Victory,Paco Rabanne
products/IMG-20260409-WA0302.jpg,Wanted By Night,Azzaro
products/IMG-20260409-WA0303.jpg,N°5,CHANEL
products/IMG-20260409-WA0304.jpg,Oud Wood,Tom Ford
products/IMG-20260409-WA0305.jpg,Flora Gorgeous Gardenia,Gucci
products/IMG-20260409-WA0306.jpg,Bloom,Gucci
products/IMG-20260409-WA0307.jpg,Noir,Tom Ford
products/IMG-20260409-WA0308.jpg,Scandal Le Parfum,Jean Paul Gaultier
products/IMG-20260409-WA0309.jpg,Scandal By Night,Jean Paul Gaultier
products/IMG-20260409-WA0310.jpg,I Want Choo Le Parfum,Jimmy Choo
products/IMG-20260409-WA0313.jpg,Tony Iommi Monkey special perfume,XERJOFF
products/IMG-20260409-WA0314.jpg,Vanilla 28,KayAli
products/IMG-20260409-WA0315.jpg,Aqua Vitae forte,Maison Francis Kurkdjian Paris
products/IMG-20260409-WA0316.jpg,Bad Boy Cobalt,Carolina Herrera
products/IMG-20260409-WA0317.jpg,Sauvage Elixir,Dior
products/IMG-20260409-WA0318.jpg,Accento eau de parfum,XERJOFF
products/IMG-20260409-WA0319.jpg,Dylan Blue Pour Femme Eau de Parfum,Versace
products/IMG-20260409-WA0320.jpg,La Tosca Eau de Parfum,Casamorati
products/IMG-20260409-WA0321.jpg,Signature Eau de Parfum,Montblanc
products/IMG-20260409-WA0322.jpg,Good Girl Eau de Parfum Légère,Carolina Herrera
products/IMG-20260409-WA0323.jpg,Libre Eau de Parfum Intense,Yves Saint Laurent
products/IMG-20260409-WA0324.jpg,212 VIP,Carolina Herrera
products/IMG-20260409-WA0325.jpg,Chance Eau Fraîche,Chanel
products/IMG-20260409-WA0326.jpg,Coco Mademoiselle Eau de Parfum,Chanel
products/IMG-20260409-WA0327.jpg,Bad Boy Elixir,Carolina Herrera
products/IMG-20260409-WA0328.jpg,Si passione białe opakowanie Parfum,Giorgio Armani
products/IMG-20260409-WA0329.jpg,Eros Najim Parfum,Versace
products/IMG-20260409-WA0330.jpg,Vanilla 12 Eau de Parfum,KAYALI
products/IMG-20260409-WA0331.jpg,Chance Eau Splendide,Chanel
products/IMG-20260409-WA0332.jpg,Paradigme Eau de Parfum,Prada
products/IMG-20260409-WA0333.jpg,Uomo born in roma intense,Valentino
products/IMG-20260409-WA0334.jpg,Paradoxe Eau de Parfum,Prada
products/IMG-20260409-WA0335.jpg,Déjà Vu White Flower 57 Eau de Parfum,Kayali
products/IMG-20260409-WA0336.jpg,Invictus Victory Eau de Parfum Extrême,Rabanne
products/IMG-20260409-WA0337.jpg,Scandal,Jean Paul Gaultier
products/IMG-20260409-WA0338.jpg,Very Good Girl Glam Parfum Natural Spray,Carolina Herrera
products/IMG-20260409-WA0339.jpg,Tobacco Vanille Eau de Parfum,Tom Ford
products/IMG-20260409-WA0340.jpg,My Way Ylang Eau de Parfum,Giorgio Armani
products/IMG-20260409-WA0341.jpg,Portraits Penhaligon's Duchess Rose,Penhaligon's
products/IMG-20260409-WA0342.jpg,Flora Gorgeous Magnolia Eau de Parfum,Gucci
products/IMG-20260409-WA0343.jpg,Bloom Parfum,Gucci
products/IMG-20260409-WA0344.jpg,Naxos Eau de Parfum,Xerjoff
products/IMG-20260409-WA0345.jpg,La vie est belle L'eau de Parfum Sparkling Edition,Lancome
products/IMG-20260409-WA0346.jpg,Dylan Purple Eau de Parfum,Versace
products/IMG-20260409-WA0347.jpg,Paradoxe Intense,Prada
products/IMG-20260409-WA0348.jpg,Guilty,Gucci
products/IMG-20260409-WA0349.jpg,Good Girl,Carolina Herrera
products/IMG-20260409-WA0350.jpg,L'Immensite Eau de Parfum,Louis Vuitton
products/IMG-20260409-WA0351.jpg,Flora Gorgeous Orchid,Gucci
products/IMG-20260409-WA0352.jpg,Angels' Share Eau de Parfum,Kilian
products/IMG-20260409-WA0353.jpg,Donna born in roma intense eau de parfum,Valentino
products/IMG-20260409-WA0354.jpg,Flowerbombe,Viktor & Rolf
products/IMG-20260409-WA0355.jpg,Café Rose,Tom Ford
products/IMG-20260409-WA0356.jpg,Bottled Night,Hugo Boss
products/IMG-20260409-WA0357.jpg,Bad Boy Elixir Eau de Parfum,Carolina Herrera
products/IMG-20260409-WA0358.jpg,Si passione red musk eau de parfum,Giorgio Armani
products/IMG-20260409-WA0359.jpg,Coco Mademoiselle L'Eau Privée,Chanel
products/IMG-20260409-WA0360.jpg,The Most Wanted Parfum,Azzaro
products/IMG-20260409-WA0361.jpg,Ambassador For Men Eau de Parfum,Gisada
products/IMG-20260409-WA0362.jpg,Titanium Eau de Parfum,Gisada
products/IMG-20260409-WA0363.jpg,Groove Xcape parfum unisex,Xerjoff
products/IMG-20260409-WA0364.jpg,Les Sables Roses,Louis Vuitton
products/IMG-20260409-WA0365.jpg,Bottled Intense,Hugo Boss
products/IMG-20260409-WA0366.jpg,Bombshell Eau de Parfum,Victoria's Secret
products/IMG-20260409-WA0367.jpg,Code Parfum,Giorgio Armani
products/IMG-20260409-WA0368.jpg,Bleu de Chanel L'Exclusif,Chanel
products/IMG-20260409-WA0369.jpg,Utopia Vanilla Coco 121,Kayali
products/IMG-20260409-WA0370.jpg,Gentleman Eau de Parfum Boisée,Givenchy
products/IMG-20260409-WA0371.jpg,Light Blue Eau de Toilette,Dolce & Gabbana
products/IMG-20260409-WA0372.jpg,La Bomba Eau de Parfum,Carolina Herrera
products/IMG-20260409-WA0373.jpg,Vanilla Candy Rock Sugar,Kayali
products/IMG-20260409-WA0374.jpg,Euphoria Eau de Parfum,Calvin Klein
products/IMG-20260409-WA0375.jpg,La Nuit Trésor,Lancôme
products/IMG-20260409-WA0376.jpg,Ganymed Extrait,Marc-Antoine Barrois
products/IMG-20260409-WA0377.jpg,Miss Dior Absolutely Blooming,Dior
products/IMG-20260409-WA0378.jpg,Acqua di Giò Profumo,Giorgio Armani
products/IMG-20260409-WA0379.jpg,Le Beau Eau de Parfum Intense,Jean Paul Gaultier
products/IMG-20260409-WA0380.jpg,Gentleman Society Ambree Eau de Parfum,Givenchy
products/IMG-20260409-WA0381.jpg,Code Eau de Toilette Pour l'Homme,Giorgio Armani
products/IMG-20260409-WA0382.jpg,My Way Nectar Eau de Parfum,Giorgio Armani
products/IMG-20260409-WA0383.jpg,Electric Cherry Eau de Parfum,Tom Ford
products/IMG-20260409-WA0384.jpg,Angel Eau de Parfum,Mugler
products/IMG-20260409-WA0385.jpg,La vie est belle L'Eau de Parfum,Lancôme
products/IMG-20260409-WA0386.jpg,METEORE,LOUIS VUITTON
products/IMG-20260409-WA0387.jpg,Alien Goddess Eau de Parfum Intense,Mugler
products/IMG-20260409-WA0388.jpg,Eros Eau de Parfum,Versace
products/IMG-20260409-WA0389.jpg,Hypnotic Poison Eau de Parfum,Dior
products/IMG-20260409-WA0390.jpg,Sauvage Eau Forte Parfum,Dior
products/IMG-20260409-WA0391.jpg,Lost Cherry Eau de Parfum,Tom Ford
products/IMG-20260409-WA0392.jpg,Good Girl Blush Eau de Parfum,Carolina Herrera
products/IMG-20260409-WA0393.jpg,Alien Hypersense Eau de Parfum,Mugler
products/IMG-20260409-WA0394.jpg,Miss Dior Blooming Bouquet,Dior
products/IMG-20260409-WA0396.jpg,Lovefest Burning Cherry 48,KAYALI
products/IMG-20260409-WA0397.jpg,Miss Dior Eau de Parfum,Dior
products/IMG-20260409-WA0398.jpg,Alien Eau de Parfum Intense,Mugler
products/IMG-20260409-WA0399.jpg,Scandal by Night Eau de Parfum Intense,Jean Paul Gaultier
products/IMG-20260409-WA0400.jpg,Libre Eau de Parfum Fruité,Yves Saint Laurent
products/IMG-20260409-WA0401.jpg,Stronger with You Parfum,Emporio Armani
products/IMG-20260409-WA0402.jpg,Nomade Eau de Parfum,Chloé
products/IMG-20260409-WA0403.jpg,Acqua di Gio Absolu Eau de Parfum,Giorgio Armani
products/IMG-20260409-WA0404.jpg,Aventus,Creed
products/IMG-20260409-WA0405.jpg,Over The Top Eau de Toilette,Lancôme
products/IMG-20260409-WA0406.jpg,The Scent Parfum,Boss
products/IMG-20260409-WA0407.jpg,Bottled Eau de Toilette,BOSS
products/IMG-20260409-WA0408.jpg,Paradoxe Radical Essence Parfum,Prada
products/IMG-20260409-WA0409.jpg,Sparkling Lychee | 39,KAY ALI
products/IMG-20260409-WA0410.jpg,Chance Eau Tendre Eau de Parfum,Chanel
products/IMG-20260409-WA0411.jpg,Good Girl Dazzling Garden Eau de Parfum,Carolina Herrera
products/IMG-20260409-WA0412.jpg,J'adore Eau de Parfum,Dior
products/IMG-20260409-WA0413.jpg,The Scent,Hugo Boss
products/IMG-20260409-WA0414.jpg,The Scent Magnetic Eau de Parfum,Boss
products/IMG-20260409-WA0415.jpg,Ombré Leather Eau de Parfum,Tom Ford
products/IMG-20260409-WA0416.jpg,J'adore l'Or Essence de Parfum,DIOR
products/IMG-20260409-WA0417.jpg,Fame intense eau de parfum,Rabanne
products/IMG-20260409-WA0418.jpg,Flora Gorgeous Jasmine Eau de Parfum,Gucci
products/IMG-20260409-WA0419.jpg,Good Girl Very Eau de Parfum Natural Spray,Carolina Herrera
products/IMG-20260409-WA0420.jpg,luna rossa Black eau de parfum,Prada
products/IMG-20260409-WA0421.jpg,Kirkê Extrait de Parfum,Tiziana Terenzi
products/IMG-20260409-WA0422.jpg,Erra Pura Eau de Parfum,Xerjoff
products/IMG-20260409-WA0423.jpg,Pur Oud,Louis Vuitton
products/IMG-20260409-WA0424.jpg,Dans la Peau,Louis Vuitton
products/IMG-20260409-WA0425.jpg,Idôle Le Parfum,Lancôme
products/IMG-20260409-WA0426.jpg,Soleil Blanc Eau de Parfum,Tom Ford
products/IMG-20260409-WA0427.jpg,Man Rain Essence Eau de Parfum,Bvlgari
products/IMG-20260409-WA0428.jpg,Bad Boy Cobalt Eau de Parfum Elixir Natural,Carolina Herrera
products/IMG-20260409-WA0429.jpg,Blooming Bouquet,Miss Dior
products/IMG-20260409-WA0430.jpg,Goddess,Burberry
products/IMG-20260409-WA0431.jpg,Allure Homme Sport,Chanel
products/IMG-20260409-WA0432.jpg,Chance Eau Splendide,Chanel
products/IMG-20260409-WA0433.jpg,Acqua di Gio Eau de Toilette Pour Homme,Giorgio Armani
products/IMG-20260409-WA0434.jpg,Phantom Parfum,Paco Rabanne
products/IMG-20260409-WA0435.jpg,Cactus Garden Eau de Parfum,Louis Vuitton
products/IMG-20260409-WA0436.jpg,Vanilla Powder Eau de Parfum,Matiere Premiere
products/IMG-20260409-WA0437.jpg,Because It's You Eau de Parfum,Emporio Armani
products/IMG-20260409-WA0438.jpg,Acqua di Giò Elixir,Giorgio Armani
products/IMG-20260409-WA0439.jpg,Flora Gorgeous Gardenia Intense,Gucci
products/IMG-20260409-WA0440.jpg,Sì Eau de Parfum Intense,Giorgio Armani
products/IMG-20260409-WA0441.jpg,Hypnôse Eau de Parfum,Lancôme
products/IMG-20260409-WA0442.jpg,Afternoon Swim Eau de Parfum,Louis Vuitton
products/IMG-20260409-WA0443.jpg,Donna Born in Roma Purple Melancholia Eau de Parfum,Valentino
products/IMG-20260409-WA0444.jpg,Uomo Eau de Toilette,Valentino
products/IMG-20260409-WA0445.jpg,1 Million Royal Eau de Toilette,Paco Rabanne
products/IMG-20260409-WA0446.jpg,Althair Eau de Parfum,Parfums de Marly
products/IMG-20260409-WA0447.jpg,Pure Musc Eau de Parfum,Narciso Rodriguez
products/IMG-20260409-WA0448.jpg,Olympea Eau de Parfum,Paco Rabanne
products/IMG-20260409-WA0449.jpg,Neroli Portofino Eau de Parfum,Tom Ford
products/IMG-20260409-WA0450.jpg,Noir Extreme Eau de Parfum,Tom Ford
products/IMG-20260409-WA0451.jpg,Mandarino di Amalfi Eau de Parfum,Tom Ford
products/IMG-20260409-WA0452.jpg,Bitter Peach Eau de Parfum,Tom Ford
products/IMG-20260409-WA0453.jpg,Rain Tea Eau de Parfum,Louis Vuitton
products/IMG-20260409-WA0454.jpg,Ink Mark Eau de Parfum,Louis Vuitton
products/IMG-20260409-WA0455.jpg,Invictus Eau de Toilette,Paco Rabanne
products/IMG-20260409-WA0456.jpg,Sì Passione Intense Eau de Parfum,Giorgio Armani
products/IMG-20260409-WA0457.jpg,Lady Million Eau de Parfum,Paco Rabanne
products/IMG-20260409-WA0458.jpg,Million Gold For Her Eau de Parfum,Rabanne
products/IMG-20260409-WA0459.jpg,Invictus Parfum,Paco Rabanne
products/IMG-20260409-WA0460.jpg,J'adore Eau de Parfum,Dior
products/IMG-20260409-WA0461.jpg,Scandal,Jean Paul Gaultier
products/IMG-20260409-WA0462.jpg,Donna Born in Roma Yellow Dream,Valentino
products/IMG-20260409-WA0463.jpg,My Way Intense Eau de Parfum,Giorgio Armani
products/IMG-20260409-WA0464.jpg,The Most Wanted Eau de Parfum Intense,Azzaro
products/IMG-20260409-WA0465.jpg,L'Absolu Vaporisateur Spray Parfum,Yves Saint Laurent
products/IMG-20260409-WA0466.jpg,Bright Crystal Parfum,Versace
products/IMG-20260409-WA0467.jpg,Toy 2 Bubble Gum,Moschino
