name,brand,slug,price,gender,category,concentration,scent_notes,intensity,occasion,description,stock_quantity,is_available,image
,,,,,,edp,,,,,10,True,products/IMG-20260409-WA0000.jpg
,,,,,,edp,,,,,10,True,products/IMG-20260409-WA0001.jpg
,,,,,,edp,,,,,10,True,products/IMG-20260409-WA0002.jpg
,,,,,,edp,,,,,10,True,products/IMG-20260409-WA0003.jpg
,,,,,,edp,,,,,10,True,products/IMG-20260409-WA0004.jpg
,,,,,,edp,,,,,10,True,products/IMG-20260409-WA0005.jpg
,,,,,,edp,,,,,10,True,products/IMG-20260409-WA0006.jpg
,,,,,,edp,,,,,10,True,products/IMG-20260409-WA0007.jpg
,,,,,,edp,,,,,10,True,products/IMG-20260409-WA0008.jpg
,,,,,,edp,,,,,10,True,products/IMG-20260409-WA0009.jpg
,,,,,,edp,,,,,10,True,products/IMG-20260409-WA0010.jpg
,,,,,,edp,,,,,10,True,products/IMG-20260409-WA0011.jpg
,,,,,,edp,,,,,10,True,products/IMG-20260409-WA0012.jpg
,,,,,,edp,,,,,10,True,products/IMG-20260409-WA0013.jpg
,,,,,,edp,,,,,10,True,products/IMG-20260409-WA0014.jpg
,,,,,,edp,,,,,10,True,products/IMG-20260409-WA0015.jpg
,,,,,,edp,,,,,10,True,products/IMG-20260409-WA0016.jpg
,,,,,,edp,,,,,10,True,products/IMG-20260409-WA0017.jpg
,,,,,,edp,,,,,10,True,products/IMG-20260409-WA0018.jpg
,,,,,,edp,,,,,10,True,products/IMG-20260409-WA0019.jpg
,,,,,,edp,,,,,10,True,products/IMG-20260409-WA0020.jpg
,,,,,,edp,,,,,10,True,products/IMG-20260409-WA0021.jpg
,,,,,,edp,,,,,10,True,products/IMG-20260409-WA0022.jpg
,,,,,,edp,,,,,10,True,products/IMG-20260409-WA0023.jpg
,,,,,,edp,,,,,10,True,products/IMG-20260409-WA0024.jpg
,,,,,,edp,,,,,10,True,products/IMG-20260409-WA0025.jpg
,,,,,,edp,,,,,10,True,products/IMG-20260409-WA0026.jpg
,,,,,,edp,,,,,10,True,products/IMG-20260409-WA0027.jpg
,,,,,,edp,,,,,10,True,products/IMG-20260409-WA0028.jpg
,,,,,,edp,,,,,10,True,products/IMG-20260409-WA0029.jpg
,,,,,,edp,,,,,10,True,products/IMG-20260409-WA0030.jpg
,,,,,,edp,,,,,10,True,products/IMG-20260409-WA0031.jpg
,,,,,,edp,,,,,10,True,products/IMG-20260409-WA0032.jpg
,,,,,,edp,,,,,10,True,products/IMG-20260409-WA0033.jpg
,,,,,,edp,,,,,10,True,products/IMG-20260409-WA0034.jpg
,,,,,,edp,,,,,10,True,products/IMG-20260409-WA0035.jpg
,,,,,,edp,,,,,10,True,products/IMG-20260409-WA0036.jpg
,,,,,,edp,,,,,10,True,products/IMG-20260409-WA0037.jpg
,,,,,,edp,,,,,10,True,products/IMG-20260409-WA0038.jpg
,,,,,,edp,,,,,10,True,products/IMG-20260409-WA0039.jpg
,,,,,,edp,,,,,10,True,products/IMG-20260409-WA0040.jpg
,,,,,,edp,,,,,10,True,products/IMG-20260409-WA0041.jpg
,,,,,,edp,,,,,10,True,products/IMG-20260409-WA0042.jpg
,,,,,,edp,,,,,10,True,products/IMG-20260409-WA0043.jpg
,,,,,,edp,,,,,10,True,products/IMG-20260409-WA0044.jpg
,,,,,,edp,,,,,10,True,products/IMG-20260409-WA0045.jpg
,,,,,,edp,,,,,10,True,products/IMG-20260409-WA0046.jpg
,,,,,,edp,,,,,10,True,products/IMG-20260409-WA0047.jpg
,,,,,,edp,,,,,10,True,products/IMG-20260409-WA0048.jpg
,,,,,,edp,,,,,10,True,products/IMG-20260409-WA0049.jpg
,,,,,,edp,,,,,10,True,products/IMG-20260409-WA0050.jpg
,,,,,,edp,,,,,10,True,products/IMG-20260409-WA0051.jpg
,,,,,,edp,,,,,10,True,products/IMG-20260409-WA0052.jpg
,,,,,,edp,,,,,10,True,products/IMG-20260409-WA0053.jpg
,,,,,,edp,,,,,10,True,products/IMG-20260409-WA0054.jpg
,,,,,,edp,,,,,10,True,products/IMG-20260409-WA0055.jpg
,,,,,,edp,,,,,10,True,products/IMG-20260409-WA0056.jpg
,,,,,,edp,,,,,10,True,products/IMG-20260409-WA0057.jpg
,,,,,,edp,,,,,10,True,products/IMG-20260409-WA0058.jpg
,,,,,,edp,,,,,10,True,products/IMG-20260409-WA0059.jpg
,,,,,,edp,,,,,10,True,products/IMG-20260409-WA0060.jpg
,,,,,,edp,,,,,10,True,products/IMG-20260409-WA0061.jpg
,,,,,,edp,,,,,10,True,products/IMG-20260409-WA0062.jpg
,,,,,,edp,,,,,10,True,products/IMG-20260409-WA0063.jpg
,,,,,,edp,,,,,10,True,products/IMG-20260409-WA0064.jpg
,,,,,,edp,,,,,10,True,products/IMG-20260409-WA0065.jpg
,,,,,,edp,,,,,10,True,products/IMG-20260409-WA0066.jpg
,,,,,,edp,,,,,10,True,products/IMG-20260409-WA0067.jpg
,,,,,,edp,,,,,10,True,products/IMG-20260409-WA0068.jpg
,,,,,,edp,,,,,10,True,products/IMG-20260409-WA0069.jpg
,,,,,,edp,,,,,10,True,products/IMG-20260409-WA0070.jpg
,,,,,,edp,,,,,10,True,products/IMG-20260409-WA0071.jpg
,,,,,,edp,,,,,10,True,products/IMG-20260409-WA0072.jpg
,,,,,,edp,,,,,10,True,products/IMG-20260409-WA0073.jpg
,,,,,,edp,,,,,10,True,products/IMG-20260409-WA0074.jpg
,,,,,,edp,,,,,10,True,products/IMG-20260409-WA0075.jpg
,,,,,,edp,,,,,10,True,products/IMG-20260409-WA0076.jpg
,,,,,,edp,,,,,10,True,products/IMG-20260409-WA0077.jpg
,,,,,,edp,,,,,10,True,products/IMG-20260409-WA0078.jpg
,,,,,,edp,,,,,10,True,products/IMG-20260409-WA0079.jpg
,,,,,,edp,,,,,10,True,products/IMG-20260409-WA0080.jpg
,,,,,,edp,,,,,10,True,products/IMG-20260409-WA0081.jpg
,,,,,,edp,,,,,10,True,products/IMG-20260409-WA0082.jpg
,,,,,,edp,,,,,10,True,products/IMG-20260409-WA0083.jpg
,,,,,,edp,,,,,10,True,products/IMG-20260409-WA0084.jpg
,,,,,,edp,,,,,10,True,products/IMG-20260409-WA0085.jpg
,,,,,,edp,,,,,10,True,products/IMG-20260409-WA0086.jpg
,,,,,,edp,,,,,10,True,products/IMG-20260409-WA0087.jpg
,,,,,,edp,,,,,10,True,products/IMG-20260409-WA0088.jpg
,,,,,,edp,,,,,10,True,products/IMG-20260409-WA0089.jpg
,,,,,,edp,,,,,10,True,products/IMG-20260409-WA0090.jpg
,,,,,,edp,,,,,10,True,products/IMG-20260409-WA0091.jpg
,,,,,,edp,,,,,10,True,products/IMG-20260409-WA0092.jpg
,,,,,,edp,,,,,10,True,products/IMG-20260409-WA0093.jpg
,,,,,,edp,,,,,10,True,products/IMG-20260409-WA0094.jpg
,,,,,,edp,,,,,10,True,products/IMG-20260409-WA0095.jpg
,,,,,,edp,,,,,10,True,products/IMG-20260409-WA0096.jpg
,,,,,,edp,,,,,10,True,products/IMG-20260409-WA0097.jpg
,,,,,,edp,,,,,10,True,products/IMG-20260409-WA0098.jpg
,,,,,,edp,,,,,10,True,products/IMG-20260409-WA0099.jpg
,,,,,,edp,,,,,10,True,products/IMG-20260409-WA0100.jpg
,,,,,,edp,,,,,10,True,products/IMG-20260409-WA0101.jpg
,,,,,,edp,,,,,10,True,products/IMG-20260409-WA0102.jpg
,,,,,,edp,,,,,10,True,products/IMG-20260409-WA0103.jpg
,,,,,,edp,,,,,10,True,products/IMG-20260409-WA0104.jpg
,,,,,,edp,,,,,10,True,products/IMG-20260409-WA0105.jpg
,,,,,,edp,,,,,10,True,products/IMG-20260409-WA0106.jpg
,,,,,,edp,,,,,10,True,products/IMG-20260409-WA0107.jpg
,,,,,,edp,,,,,10,True,products/IMG-20260409-WA0108.jpg
,,,,,,edp,,,,,10,True,products/IMG-20260409-WA0109.jpg
,,,,,,edp,,,,,10,True,products/IMG-20260409-WA0110.jpg
,,,,,,edp,,,,,10,True,products/IMG-20260409-WA0111.jpg
,,,,,,edp,,,,,10,True,products/IMG-20260409-WA0112.jpg
,,,,,,edp,,,,,10,True,products/IMG-20260409-WA0113.jpg
,,,,,,edp,,,,,10,True,products/IMG-20260409-WA0114.jpg
,,,,,,edp,,,,,10,True,products/IMG-20260409-WA0115.jpg
,,,,,,edp,,,,,10,True,products/IMG-20260409-WA0116.jpg
,,,,,,edp,,,,,10,True,products/IMG-20260409-WA0117.jpg
,,,,,,edp,,,,,10,True,products/IMG-20260409-WA0118.jpg
,,,,,,edp,,,,,10,True,products/IMG-20260409-WA0119.jpg
,,,,,,edp,,,,,10,True,products/IMG-20260409-WA0120.jpg
,,,,,,edp,,,,,10,True,products/IMG-20260409-WA0121.jpg
,,,,,,edp,,,,,10,True,products/IMG-20260409-WA0122.jpg
,,,,,,edp,,,,,10,True,products/IMG-20260409-WA0123.jpg
,,,,,,edp,,,,,10,True,products/IMG-20260409-WA0124.jpg
,,,,,,edp,,,,,10,True,products/IMG-20260409-WA0125.jpg
,,,,,,edp,,,,,10,True,products/IMG-20260409-WA0126.jpg
,,,,,,edp,,,,,10,True,products/IMG-20260409-WA0127.jpg
,,,,,,edp,,,,,10,True,products/IMG-20260409-WA0128.jpg
,,,,,,edp,,,,,10,True,products/IMG-20260409-WA0129.jpg
,,,,,,edp,,,,,10,True,products/IMG-20260409-WA0130.jpg
,,,,,,edp,,,,,10,True,products/IMG-20260409-WA0131.jpg
,,,,,,edp,,,,,10,True,products/IMG-20260409-WA0132.jpg
,,,,,,edp,,,,,10,True,products/IMG-20260409-WA0133.jpg
,,,,,,edp,,,,,10,True,products/IMG-20260409-WA0134.jpg
,,,,,,edp,,,,,10,True,products/IMG-20260409-WA0135.jpg
,,,,,,edp,,,,,10,True,products/IMG-20260409-WA0136.jpg
,,,,,,edp,,,,,10,True,products/IMG-20260409-WA0137.jpg
,,,,,,edp,,,,,10,True,products/IMG-20260409-WA0138.jpg
,,,,,,edp,,,,,10,True,products/IMG-20260409-WA0139.jpg
,,,,,,edp,,,,,10,True,products/IMG-20260409-WA0140.jpg
,,,,,,edp,,,,,10,True,products/IMG-20260409-WA0141.jpg
,,,,,,edp,,,,,10,True,products/IMG-20260409-WA0142.jpg
,,,,,,edp,,,,,10,True,products/IMG-20260409-WA0143.jpg
,,,,,,edp,,,,,10,True,products/IMG-20260409-WA0144.jpg
,,,,,,edp,,,,,10,True,products/IMG-20260409-WA0145.jpg
,,,,,,edp,,,,,10,True,products/IMG-20260409-WA0146.jpg
,,,,,,edp,,,,,10,True,products/IMG-20260409-WA0147.jpg
,,,,,,edp,,,,,10,True,products/IMG-20260409-WA0148.jpg
,,,,,,edp,,,,,10,True,products/IMG-20260409-WA0149.jpg
,,,,,,edp,,,,,10,True,products/IMG-20260409-WA0150.jpg
,,,,,,edp,,,,,10,True,products/IMG-20260409-WA0151.jpg
,,,,,,edp,,,,,10,True,products/IMG-20260409-WA0152.jpg
,,,,,,edp,,,,,10,True,products/IMG-20260409-WA0153.jpg
,,,,,,edp,,,,,10,True,products/IMG-20260409-WA0154.jpg
,,,,,,edp,,,,,10,True,products/IMG-20260409-WA0155.jpg
,,,,,,edp,,,,,10,True,products/IMG-20260409-WA0156.jpg
,,,,,,edp,,,,,10,True,products/IMG-20260409-WA0157.jpg
,,,,,,edp,,,,,10,True,products/IMG-20260409-WA0158.jpg
,,,,,,edp,,,,,10,True,products/IMG-20260409-WA0159.jpg
,,,,,,edp,,,,,10,True,products/IMG-20260409-WA0160.jpg
,,,,,,edp,,,,,10,True,products/IMG-20260409-WA0161.jpg
,,,,,,edp,,,,,10,True,products/IMG-20260409-WA0162.jpg
,,,,,,edp,,,,,10,True,products/IMG-20260409-WA0163.jpg
,,,,,,edp,,,,,10,True,products/IMG-20260409-WA0164.jpg
,,,,,,edp,,,,,10,True,products/IMG-20260409-WA0165.jpg
,,,,,,edp,,,,,10,True,products/IMG-20260409-WA0166.jpg
,,,,,,edp,,,,,10,True,products/IMG-20260409-WA0167.jpg
,,,,,,edp,,,,,10,True,products/IMG-20260409-WA0168.jpg
,,,,,,edp,,,,,10,True,products/IMG-20260409-WA0169.jpg
,,,,,,edp,,,,,10,True,products/IMG-20260409-WA0170.jpg
,,,,,,edp,,,,,10,True,products/IMG-20260409-WA0171.jpg
,,,,,,edp,,,,,10,True,products/IMG-20260409-WA0172.jpg
,,,,,,edp,,,,,10,True,products/IMG-20260409-WA0173.jpg
,,,,,,edp,,,,,10,True,products/IMG-20260409-WA0174.jpg
,,,,,,edp,,,,,10,True,products/IMG-20260409-WA0175.jpg
,,,,,,edp,,,,,10,True,products/IMG-20260409-WA0176.jpg
,,,,,,edp,,,,,10,True,products/IMG-20260409-WA0177.jpg
,,,,,,edp,,,,,10,True,products/IMG-20260409-WA0178.jpg
,,,,,,edp,,,,,10,True,products/IMG-20260409-WA0179.jpg
,,,,,,edp,,,,,10,True,products/IMG-20260409-WA0180.jpg
,,,,,,edp,,,,,10,True,products/IMG-20260409-WA0181.jpg
,,,,,,edp,,,,,10,True,products/IMG-20260409-WA0182.jpg
,,,,,,edp,,,,,10,True,products/IMG-20260409-WA0183.jpg
,,,,,,edp,,,,,10,True,products/IMG-20260409-WA0184.jpg
,,,,,,edp,,,,,10,True,products/IMG-20260409-WA0185.jpg
,,,,,,edp,,,,,10,True,products/IMG-20260409-WA0186.jpg
,,,,,,edp,,,,,10,True,products/IMG-20260409-WA0187.jpg
,,,,,,edp,,,,,10,True,products/IMG-20260409-WA0188.jpg
,,,,,,edp,,,,,10,True,products/IMG-20260409-WA0189.jpg
,,,,,,edp,,,,,10,True,products/IMG-20260409-WA0190.jpg
,,,,,,edp,,,,,10,True,products/IMG-20260409-WA0191.jpg
,,,,,,edp,,,,,10,True,products/IMG-20260409-WA0192.jpg
,,,,,,edp,,,,,10,True,products/IMG-20260409-WA0193.jpg
,,,,,,edp,,,,,10,True,products/IMG-20260409-WA0194.jpg
,,,,,,edp,,,,,10,True,products/IMG-20260409-WA0195.jpg
,,,,,,edp,,,,,10,True,products/IMG-20260409-WA0196.jpg
,,,,,,edp,,,,,10,True,products/IMG-20260409-WA0197.jpg
,,,,,,edp,,,,,10,True,products/IMG-20260409-WA0198.jpg
,,,,,,edp,,,,,10,True,products/IMG-20260409-WA0199.jpg
,,,,,,edp,,,,,10,True,products/IMG-20260409-WA0200.jpg
,,,,,,edp,,,,,10,True,products/IMG-20260409-WA0201.jpg
,,,,,,edp,,,,,10,True,products/IMG-20260409-WA0202.jpg
,,,,,,edp,,,,,10,True,products/IMG-20260409-WA0203.jpg
,,,,,,edp,,,,,10,True,products/IMG-20260409-WA0204.jpg
,,,,,,edp,,,,,10,True,products/IMG-20260409-WA0205.jpg
,,,,,,edp,,,,,10,True,products/IMG-20260409-WA0206.jpg
,,,,,,edp,,,,,10,True,products/IMG-20260409-WA0207.jpg
,,,,,,edp,,,,,10,True,products/IMG-20260409-WA0208.jpg
,,,,,,edp,,,,,10,True,products/IMG-20260409-WA0209.jpg
,,,,,,edp,,,,,10,True,products/IMG-20260409-WA0210.jpg
,,,,,,edp,,,,,10,True,products/IMG-20260409-WA0211.jpg
,,,,,,edp,,,,,10,True,products/IMG-20260409-WA0212.jpg
,,,,,,edp,,,,,10,True,products/IMG-20260409-WA0213.jpg
,,,,,,edp,,,,,10,True,products/IMG-20260409-WA0214.jpg
,,,,,,edp,,,,,10,True,products/IMG-20260409-WA0215.jpg
,,,,,,edp,,,,,10,True,products/IMG-20260409-WA0216.jpg
,,,,,,edp,,,,,10,True,products/IMG-20260409-WA0217.jpg
,,,,,,edp,,,,,10,True,products/IMG-20260409-WA0218.jpg
,,,,,,edp,,,,,10,True,products/IMG-20260409-WA0219.jpg
,,,,,,edp,,,,,10,True,products/IMG-20260409-WA0220.jpg
,,,,,,edp,,,,,10,True,products/IMG-20260409-WA0221.jpg
,,,,,,edp,,,,,10,True,products/IMG-20260409-WA0222.jpg
,,,,,,edp,,,,,10,True,products/IMG-20260409-WA0223.jpg
,,,,,,edp,,,,,10,True,products/IMG-20260409-WA0224.jpg
,,,,,,edp,,,,,10,True,products/IMG-20260409-WA0225.jpg
,,,,,,edp,,,,,10,True,products/IMG-20260409-WA0226.jpg
,,,,,,edp,,,,,10,True,products/IMG-20260409-WA0227.jpg
,,,,,,edp,,,,,10,True,products/IMG-20260409-WA0228.jpg
,,,,,,edp,,,,,10,True,products/IMG-20260409-WA0229.jpg
,,,,,,edp,,,,,10,True,products/IMG-20260409-WA0230.jpg
,,,,,,edp,,,,,10,True,products/IMG-20260409-WA0231.jpg
,,,,,,edp,,,,,10,True,products/IMG-20260409-WA0232.jpg
,,,,,,edp,,,,,10,True,products/IMG-20260409-WA0233.jpg
,,,,,,edp,,,,,10,True,products/IMG-20260409-WA0234.jpg
,,,,,,edp,,,,,10,True,products/IMG-20260409-WA0235.jpg
,,,,,,edp,,,,,10,True,products/IMG-20260409-WA0236.jpg
,,,,,,edp,,,,,10,True,products/IMG-20260409-WA0237.jpg
,,,,,,edp,,,,,10,True,products/IMG-20260409-WA0238.jpg
,,,,,,edp,,,,,10,True,products/IMG-20260409-WA0239.jpg
,,,,,,edp,,,,,10,True,products/IMG-20260409-WA0240.jpg
,,,,,,edp,,,,,10,True,products/IMG-20260409-WA0241.jpg
,,,,,,edp,,,,,10,True,products/IMG-20260409-WA0242.jpg
,,,,,,edp,,,,,10,True,products/IMG-20260409-WA0243.jpg
,,,,,,edp,,,,,10,True,products/IMG-20260409-WA0244.jpg
,,,,,,edp,,,,,10,True,products/IMG-20260409-WA0245.jpg
,,,,,,edp,,,,,10,True,products/IMG-20260409-WA0246.jpg
,,,,,,edp,,,,,10,True,products/IMG-20260409-WA0247.jpg
,,,,,,edp,,,,,10,True,products/IMG-20260409-WA0248.jpg
,,,,,,edp,,,,,10,True,products/IMG-20260409-WA0249.jpg
,,,,,,edp,,,,,10,True,products/IMG-20260409-WA0250.jpg
,,,,,,edp,,,,,10,True,products/IMG-20260409-WA0251.jpg
,,,,,,edp,,,,,10,True,products/IMG-20260409-WA0252.jpg
,,,,,,edp,,,,,10,True,products/IMG-20260409-WA0253.jpg
,,,,,,edp,,,,,10,True,products/IMG-20260409-WA0254.jpg
,,,,,,edp,,,,,10,True,products/IMG-20260409-WA0255.jpg
,,,,,,edp,,,,,10,True,products/IMG-20260409-WA0256.jpg
,,,,,,edp,,,,,10,True,products/IMG-20260409-WA0257.jpg
,,,,,,edp,,,,,10,True,products/IMG-20260409-WA0258.jpg
,,,,,,edp,,,,,10,True,products/IMG-20260409-WA0259.jpg
,,,,,,edp,,,,,10,True,products/IMG-20260409-WA0260.jpg
,,,,,,edp,,,,,10,True,products/IMG-20260409-WA0261.jpg
,,,,,,edp,,,,,10,True,products/IMG-20260409-WA0262.jpg
,,,,,,edp,,,,,10,True,products/IMG-20260409-WA0263.jpg
,,,,,,edp,,,,,10,True,products/IMG-20260409-WA0264.jpg
,,,,,,edp,,,,,10,True,products/IMG-20260409-WA0265.jpg
,,,,,,edp,,,,,10,True,products/IMG-20260409-WA0266.jpg
,,,,,,edp,,,,,10,True,products/IMG-20260409-WA0267.jpg
,,,,,,edp,,,,,10,True,products/IMG-20260409-WA0268.jpg
,,,,,,edp,,,,,10,True,products/IMG-20260409-WA0269.jpg
,,,,,,edp,,,,,10,True,products/IMG-20260409-WA0270.jpg
,,,,,,edp,,,,,10,True,products/IMG-20260409-WA0271.jpg
,,,,,,edp,,,,,10,True,products/IMG-20260409-WA0272.jpg
,,,,,,edp,,,,,10,True,products/IMG-20260409-WA0273.jpg
,,,,,,edp,,,,,10,True,products/IMG-20260409-WA0274.jpg
,,,,,,edp,,,,,10,True,products/IMG-20260409-WA0275.jpg
,,,,,,edp,,,,,10,True,products/IMG-20260409-WA0276.jpg
,,,,,,edp,,,,,10,True,products/IMG-20260409-WA0277.jpg
,,,,,,edp,,,,,10,True,products/IMG-20260409-WA0278.jpg
,,,,,,edp,,,,,10,True,products/IMG-20260409-WA0279.jpg
,,,,,,edp,,,,,10,True,products/IMG-20260409-WA0280.jpg
,,,,,,edp,,,,,10,True,products/IMG-20260409-WA0281.jpg
,,,,,,edp,,,,,10,True,products/IMG-20260409-WA0282.jpg
,,,,,,edp,,,,,10,True,products/IMG-20260409-WA0283.jpg
,,,,,,edp,,,,,10,True,products/IMG-20260409-WA0284.jpg
,,,,,,edp,,,,,10,True,products/IMG-20260409-WA0285.jpg
,,,,,,edp,,,,,10,True,products/IMG-20260409-WA0286.jpg
,,,,,,edp,,,,,10,True,products/IMG-20260409-WA0287.jpg
,,,,,,edp,,,,,10,True,products/IMG-20260409-WA0288.jpg
,,,,,,edp,,,,,10,True,products/IMG-20260409-WA0289.jpg
,,,,,,edp,,,,,10,True,products/IMG-20260409-WA0290.jpg
,,,,,,edp,,,,,10,True,products/IMG-20260409-WA0291.jpg
,,,,,,edp,,,,,10,True,products/IMG-20260409-WA0292.jpg
,,,,,,edp,,,,,10,True,products/IMG-20260409-WA0293.jpg
,,,,,,edp,,,,,10,True,products/IMG-20260409-WA0294.jpg
,,,,,,edp,,,,,10,True,products/IMG-20260409-WA0295.jpg
,,,,,,edp,,,,,10,True,products/IMG-20260409-WA0296.jpg
,,,,,,edp,,,,,10,True,products/IMG-20260409-WA0297.jpg
,,,,,,edp,,,,,10,True,products/IMG-20260409-WA0298.jpg
,,,,,,edp,,,,,10,True,products/IMG-20260409-WA0299.jpg
,,,,,,edp,,,,,10,True,products/IMG-20260409-WA0300.jpg
,,,,,,edp,,,,,10,True,products/IMG-20260409-WA0301.jpg
,,,,,,edp,,,,,10,True,products/IMG-20260409-WA0302.jpg
,,,,,,edp,,,,,10,True,products/IMG-20260409-WA0303.jpg
,,,,,,edp,,,,,10,True,products/IMG-20260409-WA0304.jpg
,,,,,,edp,,,,,10,True,products/IMG-20260409-WA0305.jpg
,,,,,,edp,,,,,10,True,products/IMG-20260409-WA0306.jpg
,,,,,,edp,,,,,10,True,products/IMG-20260409-WA0307.jpg
,,,,,,edp,,,,,10,True,products/IMG-20260409-WA0308.jpg
,,,,,,edp,,,,,10,True,products/IMG-20260409-WA0309.jpg
,,,,,,edp,,,,,10,True,products/IMG-20260409-WA0310.jpg
,,,,,,edp,,,,,10,True,products/IMG-20260409-WA0313.jpg
,,,,,,edp,,,,,10,True,products/IMG-20260409-WA0314.jpg
,,,,,,edp,,,,,10,True,products/IMG-20260409-WA0315.jpg
,,,,,,edp,,,,,10,True,products/IMG-20260409-WA0316.jpg
,,,,,,edp,,,,,10,True,products/IMG-20260409-WA0317.jpg
,,,,,,edp,,,,,10,True,products/IMG-20260409-WA0318.jpg
,,,,,,edp,,,,,10,True,products/IMG-20260409-WA0319.jpg
,,,,,,edp,,,,,10,True,products/IMG-20260409-WA0320.jpg
,,,,,,edp,,,,,10,True,products/IMG-20260409-WA0321.jpg
,,,,,,edp,,,,,10,True,products/IMG-20260409-WA0322.jpg
,,,,,,edp,,,,,10,True,products/IMG-20260409-WA0323.jpg
,,,,,,edp,,,,,10,True,products/IMG-20260409-WA0324.jpg
,,,,,,edp,,,,,10,True,products/IMG-20260409-WA0325.jpg
,,,,,,edp,,,,,10,True,products/IMG-20260409-WA0326.jpg
,,,,,,edp,,,,,10,True,products/IMG-20260409-WA0327.jpg
,,,,,,edp,,,,,10,True,products/IMG-20260409-WA0328.jpg
,,,,,,edp,,,,,10,True,products/IMG-20260409-WA0329.jpg
,,,,,,edp,,,,,10,True,products/IMG-20260409-WA0330.jpg
,,,,,,edp,,,,,10,True,products/IMG-20260409-WA0331.jpg
,,,,,,edp,,,,,10,True,products/IMG-20260409-WA0332.jpg
,,,,,,edp,,,,,10,True,products/IMG-20260409-WA0333.jpg
,,,,,,edp,,,,,10,True,products/IMG-20260409-WA0334.jpg
,,,,,,edp,,,,,10,True,products/IMG-20260409-WA0335.jpg
,,,,,,edp,,,,,10,True,products/IMG-20260409-WA0336.jpg
,,,,,,edp,,,,,10,True,products/IMG-20260409-WA0337.jpg
,,,,,,edp,,,,,10,True,products/IMG-20260409-WA0338.jpg
,,,,,,edp,,,,,10,True,products/IMG-20260409-WA0339.jpg
,,,,,,edp,,,,,10,True,products/IMG-20260409-WA0340.jpg
,,,,,,edp,,,,,10,True,products/IMG-20260409-WA0341.jpg
,,,,,,edp,,,,,10,True,products/IMG-20260409-WA0342.jpg
,,,,,,edp,,,,,10,True,products/IMG-20260409-WA0343.jpg
,,,,,,edp,,,,,10,True,products/IMG-20260409-WA0344.jpg
,,,,,,edp,,,,,10,True,products/IMG-20260409-WA0345.jpg
,,,,,,edp,,,,,10,True,products/IMG-20260409-WA0346.jpg
,,,,,,edp,,,,,10,True,products/IMG-20260409-WA0347.jpg
,,,,,,edp,,,,,10,True,products/IMG-20260409-WA0348.jpg
,,,,,,edp,,,,,10,True,products/IMG-20260409-WA0349.jpg
,,,,,,edp,,,,,10,True,products/IMG-20260409-WA0350.jpg
,,,,,,edp,,,,,10,True,products/IMG-20260409-WA0351.jpg
,,,,,,edp,,,,,10,True,products/IMG-20260409-WA0352.jpg
,,,,,,edp,,,,,10,True,products/IMG-20260409-WA0353.jpg
,,,,,,edp,,,,,10,True,products/IMG-20260409-WA0354.jpg
,,,,,,edp,,,,,10,True,products/IMG-20260409-WA0355.jpg
,,,,,,edp,,,,,10,True,products/IMG-20260409-WA0356.jpg
,,,,,,edp,,,,,10,True,products/IMG-20260409-WA0357.jpg
,,,,,,edp,,,,,10,True,products/IMG-20260409-WA0358.jpg
,,,,,,edp,,,,,10,True,products/IMG-20260409-WA0359.jpg
,,,,,,edp,,,,,10,True,products/IMG-20260409-WA0360.jpg
,,,,,,edp,,,,,10,True,products/IMG-20260409-WA0361.jpg
,,,,,,edp,,,,,10,True,products/IMG-20260409-WA0362.jpg
,,,,,,edp,,,,,10,True,products/IMG-20260409-WA0363.jpg
,,,,,,edp,,,,,10,True,products/IMG-20260409-WA0364.jpg
,,,,,,edp,,,,,10,True,products/IMG-20260409-WA0365.jpg
,,,,,,edp,,,,,10,True,products/IMG-20260409-WA0366.jpg
,,,,,,edp,,,,,10,True,products/IMG-20260409-WA0367.jpg
,,,,,,edp,,,,,10,True,products/IMG-20260409-WA0368.jpg
,,,,,,edp,,,,,10,True,products/IMG-20260409-WA0369.jpg
,,,,,,edp,,,,,10,True,products/IMG-20260409-WA0370.jpg
,,,,,,edp,,,,,10,True,products/IMG-20260409-WA0371.jpg
,,,,,,edp,,,,,10,True,products/IMG-20260409-WA0372.jpg
,,,,,,edp,,,,,10,True,products/IMG-20260409-WA0373.jpg
,,,,,,edp,,,,,10,True,products/IMG-20260409-WA0374.jpg
,,,,,,edp,,,,,10,True,products/IMG-20260409-WA0375.jpg
,,,,,,edp,,,,,10,True,products/IMG-20260409-WA0376.jpg
,,,,,,edp,,,,,10,True,products/IMG-20260409-WA0377.jpg
,,,,,,edp,,,,,10,True,products/IMG-20260409-WA0378.jpg
,,,,,,edp,,,,,10,True,products/IMG-20260409-WA0379.jpg
,,,,,,edp,,,,,10,True,products/IMG-20260409-WA0380.jpg
,,,,,,edp,,,,,10,True,products/IMG-20260409-WA0381.jpg
,,,,,,edp,,,,,10,True,products/IMG-20260409-WA0382.jpg
,,,,,,edp,,,,,10,True,products/IMG-20260409-WA0383.jpg
,,,,,,edp,,,,,10,True,products/IMG-20260409-WA0384.jpg
,,,,,,edp,,,,,10,True,products/IMG-20260409-WA0385.jpg
,,,,,,edp,,,,,10,True,products/IMG-20260409-WA0386.jpg
,,,,,,edp,,,,,10,True,products/IMG-20260409-WA0387.jpg
,,,,,,edp,,,,,10,True,products/IMG-20260409-WA0388.jpg
,,,,,,edp,,,,,10,True,products/IMG-20260409-WA0389.jpg
,,,,,,edp,,,,,10,True,products/IMG-20260409-WA0390.jpg
,,,,,,edp,,,,,10,True,products/IMG-20260409-WA0391.jpg
,,,,,,edp,,,,,10,True,products/IMG-20260409-WA0392.jpg
,,,,,,edp,,,,,10,True,products/IMG-20260409-WA0393.jpg
,,,,,,edp,,,,,10,True,products/IMG-20260409-WA0394.jpg
,,,,,,edp,,,,,10,True,products/IMG-20260409-WA0396.jpg
,,,,,,edp,,,,,10,True,products/IMG-20260409-WA0397.jpg
,,,,,,edp,,,,,10,True,products/IMG-20260409-WA0398.jpg
,,,,,,edp,,,,,10,True,products/IMG-20260409-WA0399.jpg
,,,,,,edp,,,,,10,True,products/IMG-20260409-WA0400.jpg
,,,,,,edp,,,,,10,True,products/IMG-20260409-WA0401.jpg
,,,,,,edp,,,,,10,True,products/IMG-20260409-WA0402.jpg
,,,,,,edp,,,,,10,True,products/IMG-20260409-WA0403.jpg
,,,,,,edp,,,,,10,True,products/IMG-20260409-WA0404.jpg
,,,,,,edp,,,,,10,True,products/IMG-20260409-WA0405.jpg
,,,,,,edp,,,,,10,True,products/IMG-20260409-WA0406.jpg
,,,,,,edp,,,,,10,True,products/IMG-20260409-WA0407.jpg
,,,,,,edp,,,,,10,True,products/IMG-20260409-WA0408.jpg
,,,,,,edp,,,,,10,True,products/IMG-20260409-WA0409.jpg
,,,,,,edp,,,,,10,True,products/IMG-20260409-WA0410.jpg
,,,,,,edp,,,,,10,True,products/IMG-20260409-WA0411.jpg
,,,,,,edp,,,,,10,True,products/IMG-20260409-WA0412.jpg
,,,,,,edp,,,,,10,True,products/IMG-20260409-WA0413.jpg
,,,,,,edp,,,,,10,True,products/IMG-20260409-WA0414.jpg
,,,,,,edp,,,,,10,True,products/IMG-20260409-WA0415.jpg
,,,,,,edp,,,,,10,True,products/IMG-20260409-WA0416.jpg
,,,,,,edp,,,,,10,True,products/IMG-20260409-WA0417.jpg
,,,,,,edp,,,,,10,True,products/IMG-20260409-WA0418.jpg
,,,,,,edp,,,,,10,True,products/IMG-20260409-WA0419.jpg
,,,,,,edp,,,,,10,True,products/IMG-20260409-WA0420.jpg
,,,,,,edp,,,,,10,True,products/IMG-20260409-WA0421.jpg
,,,,,,edp,,,,,10,True,products/IMG-20260409-WA0422.jpg
,,,,,,edp,,,,,10,True,products/IMG-20260409-WA0423.jpg
,,,,,,edp,,,,,10,True,products/IMG-20260409-WA0424.jpg
,,,,,,edp,,,,,10,True,products/IMG-20260409-WA0425.jpg
,,,,,,edp,,,,,10,True,products/IMG-20260409-WA0426.jpg
,,,,,,edp,,,,,10,True,products/IMG-20260409-WA0427.jpg
,,,,,,edp,,,,,10,True,products/IMG-20260409-WA0428.jpg
,,,,,,edp,,,,,10,True,products/IMG-20260409-WA0429.jpg
,,,,,,edp,,,,,10,True,products/IMG-20260409-WA0430.jpg
,,,,,,edp,,,,,10,True,products/IMG-20260409-WA0431.jpg
,,,,,,edp,,,,,10,True,products/IMG-20260409-WA0432.jpg
,,,,,,edp,,,,,10,True,products/IMG-20260409-WA0433.jpg
,,,,,,edp,,,,,10,True,products/IMG-20260409-WA0434.jpg
,,,,,,edp,,,,,10,True,products/IMG-20260409-WA0435.jpg
,,,,,,edp,,,,,10,True,products/IMG-20260409-WA0436.jpg
,,,,,,edp,,,,,10,True,products/IMG-20260409-WA0437.jpg
,,,,,,edp,,,,,10,True,products/IMG-20260409-WA0438.jpg
,,,,,,edp,,,,,10,True,products/IMG-20260409-WA0439.jpg
,,,,,,edp,,,,,10,True,products/IMG-20260409-WA0440.jpg
,,,,,,edp,,,,,10,True,products/IMG-20260409-WA0441.jpg
,,,,,,edp,,,,,10,True,products/IMG-20260409-WA0442.jpg
,,,,,,edp,,,,,10,True,products/IMG-20260409-WA0443.jpg
,,,,,,edp,,,,,10,True,products/IMG-20260409-WA0444.jpg
,,,,,,edp,,,,,10,True,products/IMG-20260409-WA0445.jpg
,,,,,,edp,,,,,10,True,products/IMG-20260409-WA0446.jpg
,,,,,,edp,,,,,10,True,products/IMG-20260409-WA0447.jpg
,,,,,,edp,,,,,10,True,products/IMG-20260409-WA0448.jpg
,,,,,,edp,,,,,10,True,products/IMG-20260409-WA0449.jpg
,,,,,,edp,,,,,10,True,products/IMG-20260409-WA0450.jpg
,,,,,,edp,,,,,10,True,products/IMG-20260409-WA0451.jpg
,,,,,,edp,,,,,10,True,products/IMG-20260409-WA0452.jpg
,,,,,,edp,,,,,10,True,products/IMG-20260409-WA0453.jpg
,,,,,,edp,,,,,10,True,products/IMG-20260409-WA0454.jpg
,,,,,,edp,,,,,10,True,products/IMG-20260409-WA0455.jpg
,,,,,,edp,,,,,10,True,products/IMG-20260409-WA0456.jpg
,,,,,,edp,,,,,10,True,products/IMG-20260409-WA0457.jpg
,,,,,,edp,,,,,10,True,products/IMG-20260409-WA0458.jpg
,,,,,,edp,,,,,10,True,products/IMG-20260409-WA0459.jpg
,,,,,,edp,,,,,10,True,products/IMG-20260409-WA0460.jpg
,,,,,,edp,,,,,10,True,products/IMG-20260409-WA0461.jpg
,,,,,,edp,,,,,10,True,products/IMG-20260409-WA0462.jpg
,,,,,,edp,,,,,10,True,products/IMG-20260409-WA0463.jpg
,,,,,,edp,,,,,10,True,products/IMG-20260409-WA0464.jpg
,,,,,,edp,,,,,10,True,products/IMG-20260409-WA0465.jpg
,,,,,,edp,,,,,10,True,products/IMG-20260409-WA0466.jpg
,,,,,,edp,,,,,10,True,products/IMG-20260409-WA0467.jpg
